id;frage_id;antwort;punkte;erstellt_am
00000000-0000-0000-0000-000000000001;00000000-0000-0000-0000-000000000002;Ich nehme es zur Kenntnis;0.66;2024-01-02
00000000-0000-0000-0000-000000000002;00000000-0000-0000-0000-000000000002;Ich reflektiere und handle danach;1.0;2024-01-02
00000000-0000-0000-0000-000000000003;00000000-0000-0000-0000-000000000002;Ich reagiere abwehrend;0.0;2024-01-02
00000000-0000-0000-0000-000000000004;00000000-0000-0000-0000-000000000002;Ich ignoriere es meistens;0.33;2024-01-02
00000000-0000-0000-0000-000000000005;00000000-0000-0000-0000-000000000003;Ich wechsle das Thema;0.33;2024-01-02
00000000-0000-0000-0000-000000000006;00000000-0000-0000-0000-000000000003;Ich reagiere emotional;0.5;2024-01-02
00000000-0000-0000-0000-000000000007;00000000-0000-0000-0000-000000000003;Ich frage nach;0.83;2024-01-02
00000000-0000-0000-0000-000000000008;00000000-0000-0000-0000-000000000003;Ich antworte mit Bedacht;0.66;2024-01-02
00000000-0000-0000-0000-000000000009;00000000-0000-0000-0000-000000000003;Ich ignoriere die Situation;0.0;2024-01-02
00000000-0000-0000-0000-000000000010;00000000-0000-0000-0000-000000000005;Ich nehme es zur Kenntnis;0.66;2024-01-02
00000000-0000-0000-0000-000000000011;00000000-0000-0000-0000-000000000003;Ich beende das Gespräch;0.16;2024-01-02
00000000-0000-0000-0000-000000000012;00000000-0000-0000-0000-000000000005;Ich ignoriere es meistens;0.33;2024-01-02
00000000-0000-0000-0000-000000000013;00000000-0000-0000-0000-000000000005;Ich reagiere abwehrend;0.0;2024-01-02
00000000-0000-0000-0000-000000000014;00000000-0000-0000-0000-000000000005;Ich reflektiere und handle danach;1.0;2024-01-02
00000000-0000-0000-0000-000000000015;00000000-0000-0000-0000-000000000006;Ich antworte mit Bedacht;0.66;2024-01-02
00000000-0000-0000-0000-000000000016;00000000-0000-0000-0000-000000000006;Ich reagiere emotional;0.5;2024-01-02
00000000-0000-0000-0000-000000000017;00000000-0000-0000-0000-000000000006;Ich wechsle das Thema;0.33;2024-01-02
00000000-0000-0000-0000-000000000018;00000000-0000-0000-0000-000000000006;Ich beende das Gespräch;0.16;2024-01-02
00000000-0000-0000-0000-000000000019;00000000-0000-0000-0000-000000000006;Ich frage nach;0.83;2024-01-02
00000000-0000-0000-0000-000000000020;00000000-0000-0000-0000-000000000006;Ich handle überlegt;1.0;2024-01-02
00000000-0000-0000-0000-000000000021;00000000-0000-0000-0000-000000000008;Ich reagiere abwehrend;0.0;2024-01-02
00000000-0000-0000-0000-000000000022;00000000-0000-0000-0000-000000000008;Ich reflektiere und handle danach;1.0;2024-01-02
00000000-0000-0000-0000-000000000023;00000000-0000-0000-0000-000000000008;Ich nehme es zur Kenntnis;0.66;2024-01-02
00000000-0000-0000-0000-000000000024;00000000-0000-0000-0000-000000000008;Ich ignoriere es meistens;0.33;2024-01-02
00000000-0000-0000-0000-000000000025;00000000-0000-0000-0000-000000000009;Ich antworte mit Bedacht;0.66;2024-01-02
00000000-0000-0000-0000-000000000026;00000000-0000-0000-0000-000000000009;Ich beende das Gespräch;0.16;2024-01-02
00000000-0000-0000-0000-000000000027;00000000-0000-0000-0000-000000000009;Ich ignoriere die Situation;0.0;2024-01-02
00000000-0000-0000-0000-000000000028;00000000-0000-0000-0000-000000000009;Ich handle überlegt;1.0;2024-01-02
00000000-0000-0000-0000-000000000029;00000000-0000-0000-0000-000000000009;Ich frage nach;0.83;2024-01-02
00000000-0000-0000-0000-000000000030;00000000-0000-0000-0000-000000000009;Ich wechsle das Thema;0.33;2024-01-02
00000000-0000-0000-0000-000000000031;00000000-0000-0000-0000-000000000009;Ich reagiere emotional;0.5;2024-01-02
00000000-0000-0000-0000-000000000032;00000000-0000-0000-0000-000000000012;Ich nehme es zur Kenntnis;0.66;2024-01-02
00000000-0000-0000-0000-000000000033;00000000-0000-0000-0000-000000000012;Ich reflektiere und handle danach;1.0;2024-01-02
00000000-0000-0000-0000-000000000034;00000000-0000-0000-0000-000000000012;Ich ignoriere es meistens;0.33;2024-01-02
00000000-0000-0000-0000-000000000035;00000000-0000-0000-0000-000000000012;Ich reagiere abwehrend;0.0;2024-01-02
00000000-0000-0000-0000-000000000036;00000000-0000-0000-0000-000000000013;Ich wechsle das Thema;0.33;2024-01-02
00000000-0000-0000-0000-000000000037;00000000-0000-0000-0000-000000000013;Ich reagiere emotional;0.5;2024-01-02
00000000-0000-0000-0000-000000000038;00000000-0000-0000-0000-000000000013;Ich antworte mit Bedacht;0.66;2024-01-02
00000000-0000-0000-0000-000000000039;00000000-0000-0000-0000-000000000013;Ich beende das Gespräch;0.16;2024-01-02
00000000-0000-0000-0000-000000000040;00000000-0000-0000-0000-000000000013;Ich handle überlegt;1.0;2024-01-02
00000000-0000-0000-0000-000000000041;00000000-0000-0000-0000-000000000013;Ich ignoriere die Situation;0.0;2024-01-02
00000000-0000-0000-0000-000000000042;00000000-0000-0000-0000-000000000015;Ich ignoriere es meistens;0.33;2024-01-02
00000000-0000-0000-0000-000000000043;00000000-0000-0000-0000-000000000015;Ich nehme es zur Kenntnis;0.66;2024-01-02
00000000-0000-0000-0000-000000000044;00000000-0000-0000-0000-000000000015;Ich reagiere abwehrend;0.0;2024-01-02
00000000-0000-0000-0000-000000000045;00000000-0000-0000-0000-000000000015;Ich reflektiere und handle danach;1.0;2024-01-02
00000000-0000-0000-0000-000000000046;00000000-0000-0000-0000-000000000016;Ich reagiere emotional;0.5;2024-01-02
00000000-0000-0000-0000-000000000047;00000000-0000-0000-0000-000000000016;Ich handle überlegt;1.0;2024-01-02
00000000-0000-0000-0000-000000000048;00000000-0000-0000-0000-000000000016;Ich frage nach;0.83;2024-01-02
00000000-0000-0000-0000-000000000049;00000000-0000-0000-0000-000000000016;Ich beende das Gespräch;0.16;2024-01-02
00000000-0000-0000-0000-000000000050;00000000-0000-0000-0000-000000000016;Ich ignoriere die Situation;0.0;2024-01-02
00000000-0000-0000-0000-000000000051;00000000-0000-0000-0000-000000000016;Ich antworte mit Bedacht;0.66;2024-01-02
00000000-0000-0000-0000-000000000052;00000000-0000-0000-0000-000000000016;Ich wechsle das Thema;0.33;2024-01-02
00000000-0000-0000-0000-000000000053;00000000-0000-0000-0000-000000000018;Ich reflektiere und handle danach;1.0;2024-01-02
00000000-0000-0000-0000-000000000054;00000000-0000-0000-0000-000000000018;Ich nehme es zur Kenntnis;0.66;2024-01-02
00000000-0000-0000-0000-000000000055;00000000-0000-0000-0000-000000000018;Ich reagiere abwehrend;0.0;2024-01-02
00000000-0000-0000-0000-000000000056;00000000-0000-0000-0000-000000000018;Ich ignoriere es meistens;0.33;2024-01-02
00000000-0000-0000-0000-000000000057;00000000-0000-0000-0000-000000000019;Ich handle überlegt;1.0;2024-01-02
00000000-0000-0000-0000-000000000058;00000000-0000-0000-0000-000000000019;Ich ignoriere die Situation;0.0;2024-01-02
00000000-0000-0000-0000-000000000059;00000000-0000-0000-0000-000000000019;Ich frage nach;0.83;2024-01-02
00000000-0000-0000-0000-000000000060;00000000-0000-0000-0000-000000000019;Ich reagiere emotional;0.5;2024-01-02
00000000-0000-0000-0000-000000000061;00000000-0000-0000-0000-000000000019;Ich beende das Gespräch;0.16;2024-01-02
00000000-0000-0000-0000-000000000062;00000000-0000-0000-0000-000000000019;Ich antworte mit Bedacht;0.66;2024-01-02
00000000-0000-0000-0000-000000000063;00000000-0000-0000-0000-000000000022;Ich reflektiere und handle danach;1.0;2024-01-02
00000000-0000-0000-0000-000000000064;00000000-0000-0000-0000-000000000022;Ich ignoriere es meistens;0.33;2024-01-02
00000000-0000-0000-0000-000000000065;00000000-0000-0000-0000-000000000022;Ich nehme es zur Kenntnis;0.66;2024-01-02
00000000-0000-0000-0000-000000000066;00000000-0000-0000-0000-000000000022;Ich reagiere abwehrend;0.0;2024-01-02
00000000-0000-0000-0000-000000000067;00000000-0000-0000-0000-000000000023;Ich reagiere emotional;0.5;2024-01-02
00000000-0000-0000-0000-000000000068;00000000-0000-0000-0000-000000000023;Ich beende das Gespräch;0.16;2024-01-02
00000000-0000-0000-0000-000000000069;00000000-0000-0000-0000-000000000023;Ich handle überlegt;1.0;2024-01-02
00000000-0000-0000-0000-000000000070;00000000-0000-0000-0000-000000000023;Ich ignoriere die Situation;0.0;2024-01-02
00000000-0000-0000-0000-000000000071;00000000-0000-0000-0000-000000000023;Ich wechsle das Thema;0.33;2024-01-02
00000000-0000-0000-0000-000000000072;00000000-0000-0000-0000-000000000023;Ich frage nach;0.83;2024-01-02
00000000-0000-0000-0000-000000000073;00000000-0000-0000-0000-000000000023;Ich antworte mit Bedacht;0.66;2024-01-02
00000000-0000-0000-0000-000000000074;00000000-0000-0000-0000-000000000025;Ich ignoriere es meistens;0.33;2024-01-02
00000000-0000-0000-0000-000000000075;00000000-0000-0000-0000-000000000025;Ich reagiere abwehrend;0.0;2024-01-02
00000000-0000-0000-0000-000000000076;00000000-0000-0000-0000-000000000025;Ich nehme es zur Kenntnis;0.66;2024-01-02
00000000-0000-0000-0000-000000000077;00000000-0000-0000-0000-000000000025;Ich reflektiere und handle danach;1.0;2024-01-02
00000000-0000-0000-0000-000000000078;00000000-0000-0000-0000-000000000026;Ich beende das Gespräch;0.16;2024-01-02
00000000-0000-0000-0000-000000000079;00000000-0000-0000-0000-000000000026;Ich frage nach;0.83;2024-01-02
00000000-0000-0000-0000-000000000080;00000000-0000-0000-0000-000000000026;Ich handle überlegt;1.0;2024-01-02
00000000-0000-0000-0000-000000000081;00000000-0000-0000-0000-000000000026;Ich ignoriere die Situation;0.0;2024-01-02
00000000-0000-0000-0000-000000000082;00000000-0000-0000-0000-000000000026;Ich reagiere emotional;0.5;2024-01-02
00000000-0000-0000-0000-000000000083;00000000-0000-0000-0000-000000000026;Ich wechsle das Thema;0.33;2024-01-02
00000000-0000-0000-0000-000000000084;00000000-0000-0000-0000-000000000026;Ich antworte mit Bedacht;0.66;2024-01-02
00000000-0000-0000-0000-000000000085;00000000-0000-0000-0000-000000000028;Ich nehme es zur Kenntnis;0.66;2024-01-02
00000000-0000-0000-0000-000000000086;00000000-0000-0000-0000-000000000028;Ich ignoriere es meistens;0.33;2024-01-02
00000000-0000-0000-0000-000000000087;00000000-0000-0000-0000-000000000028;Ich reflektiere und handle danach;1.0;2024-01-02
00000000-0000-0000-0000-000000000088;00000000-0000-0000-0000-000000000028;Ich reagiere abwehrend;0.0;2024-01-02
00000000-0000-0000-0000-000000000089;00000000-0000-0000-0000-000000000029;Ich beende das Gespräch;0.16;2024-01-02
00000000-0000-0000-0000-000000000090;00000000-0000-0000-0000-000000000029;Ich antworte mit Bedacht;0.66;2024-01-02
00000000-0000-0000-0000-000000000091;00000000-0000-0000-0000-000000000029;Ich wechsle das Thema;0.33;2024-01-02
00000000-0000-0000-0000-000000000092;00000000-0000-0000-0000-000000000029;Ich frage nach;0.83;2024-01-02
00000000-0000-0000-0000-000000000093;00000000-0000-0000-0000-000000000029;Ich ignoriere die Situation;0.0;2024-01-02
00000000-0000-0000-0000-000000000094;00000000-0000-0000-0000-000000000029;Ich handle überlegt;1.0;2024-01-02
00000000-0000-0000-0000-000000000095;00000000-0000-0000-0000-000000000029;Ich reagiere emotional;0.5;2024-01-02
00000000-0000-0000-0000-000000000096;00000000-0000-0000-0000-000000000032;Ich reflektiere und handle danach;1.0;2024-01-02
00000000-0000-0000-0000-000000000097;00000000-0000-0000-0000-000000000032;Ich reagiere abwehrend;0.0;2024-01-02
00000000-0000-0000-0000-000000000098;00000000-0000-0000-0000-000000000032;Ich ignoriere es meistens;0.33;2024-01-02
00000000-0000-0000-0000-000000000099;00000000-0000-0000-0000-000000000032;Ich nehme es zur Kenntnis;0.66;2024-01-02
00000000-0000-0000-0000-000000000100;00000000-0000-0000-0000-000000000033;Ich frage nach;0.83;2024-01-02
00000000-0000-0000-0000-000000000101;00000000-0000-0000-0000-000000000033;Ich antworte mit Bedacht;0.66;2024-01-02
00000000-0000-0000-0000-000000000102;00000000-0000-0000-0000-000000000033;Ich wechsle das Thema;0.33;2024-01-02
00000000-0000-0000-0000-000000000103;00000000-0000-0000-0000-000000000033;Ich ignoriere die Situation;0.0;2024-01-02
00000000-0000-0000-0000-000000000104;00000000-0000-0000-0000-000000000033;Ich reagiere emotional;0.5;2024-01-02
00000000-0000-0000-0000-000000000105;00000000-0000-0000-0000-000000000033;Ich handle überlegt;1.0;2024-01-02
00000000-0000-0000-0000-000000000106;00000000-0000-0000-0000-000000000035;Ich reagiere abwehrend;0.0;2024-01-02
00000000-0000-0000-0000-000000000107;00000000-0000-0000-0000-000000000035;Ich nehme es zur Kenntnis;0.66;2024-01-02
00000000-0000-0000-0000-000000000108;00000000-0000-0000-0000-000000000035;Ich ignoriere es meistens;0.33;2024-01-02
00000000-0000-0000-0000-000000000109;00000000-0000-0000-0000-000000000035;Ich reflektiere und handle danach;1.0;2024-01-02
00000000-0000-0000-0000-000000000110;00000000-0000-0000-0000-000000000036;Ich handle überlegt;1.0;2024-01-02
00000000-0000-0000-0000-000000000111;00000000-0000-0000-0000-000000000036;Ich antworte mit Bedacht;0.66;2024-01-02
00000000-0000-0000-0000-000000000112;00000000-0000-0000-0000-000000000036;Ich reagiere emotional;0.5;2024-01-02
00000000-0000-0000-0000-000000000113;00000000-0000-0000-0000-000000000036;Ich beende das Gespräch;0.16;2024-01-02
00000000-0000-0000-0000-000000000114;00000000-0000-0000-0000-000000000036;Ich wechsle das Thema;0.33;2024-01-02
00000000-0000-0000-0000-000000000115;00000000-0000-0000-0000-000000000036;Ich ignoriere die Situation;0.0;2024-01-02
00000000-0000-0000-0000-000000000116;00000000-0000-0000-0000-000000000036;Ich frage nach;0.83;2024-01-02
00000000-0000-0000-0000-000000000117;00000000-0000-0000-0000-000000000038;Ich reagiere abwehrend;0.0;2024-01-02
00000000-0000-0000-0000-000000000118;00000000-0000-0000-0000-000000000038;Ich nehme es zur Kenntnis;0.66;2024-01-02
00000000-0000-0000-0000-000000000119;00000000-0000-0000-0000-000000000038;Ich reflektiere und handle danach;1.0;2024-01-02
00000000-0000-0000-0000-000000000120;00000000-0000-0000-0000-000000000038;Ich ignoriere es meistens;0.33;2024-01-02
00000000-0000-0000-0000-000000000121;00000000-0000-0000-0000-000000000039;Ich ignoriere die Situation;0.0;2024-01-02
00000000-0000-0000-0000-000000000122;00000000-0000-0000-0000-000000000039;Ich frage nach;0.83;2024-01-02
00000000-0000-0000-0000-000000000123;00000000-0000-0000-0000-000000000039;Ich reagiere emotional;0.5;2024-01-02
00000000-0000-0000-0000-000000000124;00000000-0000-0000-0000-000000000039;Ich wechsle das Thema;0.33;2024-01-02
00000000-0000-0000-0000-000000000125;00000000-0000-0000-0000-000000000039;Ich antworte mit Bedacht;0.66;2024-01-02
00000000-0000-0000-0000-000000000126;00000000-0000-0000-0000-000000000039;Ich beende das Gespräch;0.16;2024-01-02
00000000-0000-0000-0000-000000000127;00000000-0000-0000-0000-000000000039;Ich handle überlegt;1.0;2024-01-02
00000000-0000-0000-0000-000000000128;00000000-0000-0000-0000-000000000042;Ich reflektiere und handle danach;1.0;2024-01-02
00000000-0000-0000-0000-000000000129;00000000-0000-0000-0000-000000000042;Ich reagiere abwehrend;0.0;2024-01-02
00000000-0000-0000-0000-000000000130;00000000-0000-0000-0000-000000000042;Ich nehme es zur Kenntnis;0.66;2024-01-02
00000000-0000-0000-0000-000000000131;00000000-0000-0000-0000-000000000042;Ich ignoriere es meistens;0.33;2024-01-02
00000000-0000-0000-0000-000000000132;00000000-0000-0000-0000-000000000043;Ich ignoriere die Situation;0.0;2024-01-02
00000000-0000-0000-0000-000000000133;00000000-0000-0000-0000-000000000043;Ich handle überlegt;1.0;2024-01-02
00000000-0000-0000-0000-000000000134;00000000-0000-0000-0000-000000000043;Ich reagiere emotional;0.5;2024-01-02
00000000-0000-0000-0000-000000000135;00000000-0000-0000-0000-000000000043;Ich frage nach;0.83;2024-01-02
00000000-0000-0000-0000-000000000136;00000000-0000-0000-0000-000000000043;Ich beende das Gespräch;0.16;2024-01-02
00000000-0000-0000-0000-000000000137;00000000-0000-0000-0000-000000000043;Ich antworte mit Bedacht;0.66;2024-01-02
00000000-0000-0000-0000-000000000138;00000000-0000-0000-0000-000000000043;Ich wechsle das Thema;0.33;2024-01-02
00000000-0000-0000-0000-000000000139;00000000-0000-0000-0000-000000000045;Ich nehme es zur Kenntnis;0.66;2024-01-02
00000000-0000-0000-0000-000000000140;00000000-0000-0000-0000-000000000045;Ich reflektiere und handle danach;1.0;2024-01-02
00000000-0000-0000-0000-000000000141;00000000-0000-0000-0000-000000000045;Ich reagiere abwehrend;0.0;2024-01-02
00000000-0000-0000-0000-000000000142;00000000-0000-0000-0000-000000000045;Ich ignoriere es meistens;0.33;2024-01-02
00000000-0000-0000-0000-000000000143;00000000-0000-0000-0000-000000000046;Ich reagiere emotional;0.5;2024-01-02
00000000-0000-0000-0000-000000000144;00000000-0000-0000-0000-000000000046;Ich wechsle das Thema;0.33;2024-01-02
00000000-0000-0000-0000-000000000145;00000000-0000-0000-0000-000000000046;Ich handle überlegt;1.0;2024-01-02
00000000-0000-0000-0000-000000000146;00000000-0000-0000-0000-000000000046;Ich beende das Gespräch;0.16;2024-01-02
00000000-0000-0000-0000-000000000147;00000000-0000-0000-0000-000000000046;Ich frage nach;0.83;2024-01-02
00000000-0000-0000-0000-000000000148;00000000-0000-0000-0000-000000000046;Ich antworte mit Bedacht;0.66;2024-01-02
00000000-0000-0000-0000-000000000149;00000000-0000-0000-0000-000000000046;Ich ignoriere die Situation;0.0;2024-01-02
00000000-0000-0000-0000-000000000150;00000000-0000-0000-0000-000000000048;Ich ignoriere es meistens;0.33;2024-01-02
00000000-0000-0000-0000-000000000151;00000000-0000-0000-0000-000000000048;Ich reflektiere und handle danach;1.0;2024-01-02
00000000-0000-0000-0000-000000000152;00000000-0000-0000-0000-000000000048;Ich reagiere abwehrend;0.0;2024-01-02
00000000-0000-0000-0000-000000000153;00000000-0000-0000-0000-000000000048;Ich nehme es zur Kenntnis;0.66;2024-01-02
00000000-0000-0000-0000-000000000154;00000000-0000-0000-0000-000000000049;Ich wechsle das Thema;0.33;2024-01-02
00000000-0000-0000-0000-000000000155;00000000-0000-0000-0000-000000000049;Ich antworte mit Bedacht;0.66;2024-01-02
00000000-0000-0000-0000-000000000156;00000000-0000-0000-0000-000000000049;Ich frage nach;0.83;2024-01-02
00000000-0000-0000-0000-000000000157;00000000-0000-0000-0000-000000000049;Ich ignoriere die Situation;0.0;2024-01-02
00000000-0000-0000-0000-000000000158;00000000-0000-0000-0000-000000000049;Ich handle überlegt;1.0;2024-01-02
00000000-0000-0000-0000-000000000159;00000000-0000-0000-0000-000000000049;Ich beende das Gespräch;0.16;2024-01-02
00000000-0000-0000-0000-000000000160;00000000-0000-0000-0000-000000000049;Ich reagiere emotional;0.5;2024-01-02
00000000-0000-0000-0000-000000000161;00000000-0000-0000-0000-000000000052;Ich reflektiere und handle danach;1.0;2024-01-02
00000000-0000-0000-0000-000000000162;00000000-0000-0000-0000-000000000052;Ich ignoriere es meistens;0.33;2024-01-02
00000000-0000-0000-0000-000000000163;00000000-0000-0000-0000-000000000052;Ich nehme es zur Kenntnis;0.66;2024-01-02
00000000-0000-0000-0000-000000000164;00000000-0000-0000-0000-000000000052;Ich reagiere abwehrend;0.0;2024-01-02
00000000-0000-0000-0000-000000000165;00000000-0000-0000-0000-000000000053;Ich handle überlegt;1.0;2024-01-02
00000000-0000-0000-0000-000000000166;00000000-0000-0000-0000-000000000053;Ich frage nach;0.83;2024-01-02
00000000-0000-0000-0000-000000000167;00000000-0000-0000-0000-000000000053;Ich antworte mit Bedacht;0.66;2024-01-02
00000000-0000-0000-0000-000000000168;00000000-0000-0000-0000-000000000053;Ich reagiere emotional;0.5;2024-01-02
00000000-0000-0000-0000-000000000169;00000000-0000-0000-0000-000000000053;Ich beende das Gespräch;0.16;2024-01-02
00000000-0000-0000-0000-000000000170;00000000-0000-0000-0000-000000000053;Ich ignoriere die Situation;0.0;2024-01-02
00000000-0000-0000-0000-000000000171;00000000-0000-0000-0000-000000000055;Ich reagiere abwehrend;0.0;2024-01-02
00000000-0000-0000-0000-000000000172;00000000-0000-0000-0000-000000000055;Ich nehme es zur Kenntnis;0.66;2024-01-02
00000000-0000-0000-0000-000000000173;00000000-0000-0000-0000-000000000055;Ich ignoriere es meistens;0.33;2024-01-02
00000000-0000-0000-0000-000000000174;00000000-0000-0000-0000-000000000055;Ich reflektiere und handle danach;1.0;2024-01-02
00000000-0000-0000-0000-000000000175;00000000-0000-0000-0000-000000000056;Ich beende das Gespräch;0.16;2024-01-02
00000000-0000-0000-0000-000000000176;00000000-0000-0000-0000-000000000056;Ich ignoriere die Situation;0.0;2024-01-02
00000000-0000-0000-0000-000000000177;00000000-0000-0000-0000-000000000056;Ich handle überlegt;1.0;2024-01-02
00000000-0000-0000-0000-000000000178;00000000-0000-0000-0000-000000000056;Ich antworte mit Bedacht;0.66;2024-01-02
00000000-0000-0000-0000-000000000179;00000000-0000-0000-0000-000000000056;Ich reagiere emotional;0.5;2024-01-02
00000000-0000-0000-0000-000000000180;00000000-0000-0000-0000-000000000056;Ich wechsle das Thema;0.33;2024-01-02
00000000-0000-0000-0000-000000000181;00000000-0000-0000-0000-000000000056;Ich frage nach;0.83;2024-01-02
00000000-0000-0000-0000-000000000182;00000000-0000-0000-0000-000000000058;Ich reagiere abwehrend;0.0;2024-01-02
00000000-0000-0000-0000-000000000183;00000000-0000-0000-0000-000000000058;Ich nehme es zur Kenntnis;0.66;2024-01-02
00000000-0000-0000-0000-000000000184;00000000-0000-0000-0000-000000000058;Ich reflektiere und handle danach;1.0;2024-01-02
00000000-0000-0000-0000-000000000185;00000000-0000-0000-0000-000000000058;Ich ignoriere es meistens;0.33;2024-01-02
00000000-0000-0000-0000-000000000186;00000000-0000-0000-0000-000000000059;Ich wechsle das Thema;0.33;2024-01-02
00000000-0000-0000-0000-000000000187;00000000-0000-0000-0000-000000000059;Ich frage nach;0.83;2024-01-02
00000000-0000-0000-0000-000000000188;00000000-0000-0000-0000-000000000059;Ich antworte mit Bedacht;0.66;2024-01-02
00000000-0000-0000-0000-000000000189;00000000-0000-0000-0000-000000000059;Ich beende das Gespräch;0.16;2024-01-02
00000000-0000-0000-0000-000000000190;00000000-0000-0000-0000-000000000059;Ich ignoriere die Situation;0.0;2024-01-02
00000000-0000-0000-0000-000000000191;00000000-0000-0000-0000-000000000059;Ich handle überlegt;1.0;2024-01-02
00000000-0000-0000-0000-000000000192;00000000-0000-0000-0000-000000000060;Ich reagiere abwehrend;0.0;2024-01-02
00000000-0000-0000-0000-000000000193;00000000-0000-0000-0000-000000000060;Ich ignoriere es meistens;0.33;2024-01-02
00000000-0000-0000-0000-000000000194;00000000-0000-0000-0000-000000000060;Ich nehme es zur Kenntnis;0.66;2024-01-02
00000000-0000-0000-0000-000000000195;00000000-0000-0000-0000-000000000060;Ich reflektiere und handle danach;1.0;2024-01-02
00000000-0000-0000-0000-000000000196;00000000-0000-0000-0000-000000000060;Ich antworte mit Bedacht;0.66;2024-01-02
00000000-0000-0000-0000-000000000197;00000000-0000-0000-0000-000000000060;Ich handle überlegt;1.0;2024-01-02
00000000-0000-0000-0000-000000000198;00000000-0000-0000-0000-000000000060;Ich frage nach;0.83;2024-01-02
00000000-0000-0000-0000-000000000199;00000000-0000-0000-0000-000000000060;Ich beende das Gespräch;0.16;2024-01-02
00000000-0000-0000-0000-000000000200;00000000-0000-0000-0000-000000000060;Ich wechsle das Thema;0.33;2024-01-02
00000000-0000-0000-0000-000000000201;00000000-0000-0000-0000-000000000060;Ich reagiere emotional;0.5;2024-01-02
00000000-0000-0000-0000-000000000202;00000000-0000-0000-0000-000000000060;Ich ignoriere die Situation;0.0;2024-01-02
00000000-0000-0000-0000-000000000203;00000000-0000-0000-0000-000000000060;Ich reflektiere und handle danach;1.0;2024-01-02
00000000-0000-0000-0000-000000000204;00000000-0000-0000-0000-000000000060;Ich nehme es zur Kenntnis;0.66;2024-01-02
00000000-0000-0000-0000-000000000205;00000000-0000-0000-0000-000000000060;Ich reagiere abwehrend;0.0;2024-01-02
00000000-0000-0000-0000-000000000206;00000000-0000-0000-0000-000000000060;Ich ignoriere es meistens;0.33;2024-01-02
00000000-0000-0000-0000-000000000207;00000000-0000-0000-0000-000000000060;Ich ignoriere die Situation;0.0;2024-01-02
00000000-0000-0000-0000-000000000208;00000000-0000-0000-0000-000000000060;Ich handle überlegt;1.0;2024-01-02
00000000-0000-0000-0000-000000000209;00000000-0000-0000-0000-000000000060;Ich wechsle das Thema;0.33;2024-01-02
00000000-0000-0000-0000-000000000210;00000000-0000-0000-0000-000000000060;Ich beende das Gespräch;0.16;2024-01-02
00000000-0000-0000-0000-000000000211;00000000-0000-0000-0000-000000000060;Ich antworte mit Bedacht;0.66;2024-01-02
00000000-0000-0000-0000-000000000212;00000000-0000-0000-0000-000000000060;Ich frage nach;0.83;2024-01-02
00000000-0000-0000-0000-000000000213;00000000-0000-0000-0000-000000000060;Ich reagiere abwehrend;0.0;2024-01-02
00000000-0000-0000-0000-000000000214;00000000-0000-0000-0000-000000000060;Ich ignoriere es meistens;0.33;2024-01-02
00000000-0000-0000-0000-000000000215;00000000-0000-0000-0000-000000000060;Ich nehme es zur Kenntnis;0.66;2024-01-02
00000000-0000-0000-0000-000000000216;00000000-0000-0000-0000-000000000060;Ich reflektiere und handle danach;1.0;2024-01-02
00000000-0000-0000-0000-000000000217;00000000-0000-0000-0000-000000000060;Ich antworte mit Bedacht;0.66;2024-01-02
00000000-0000-0000-0000-000000000218;00000000-0000-0000-0000-000000000060;Ich ignoriere die Situation;0.0;2024-01-02
00000000-0000-0000-0000-000000000219;00000000-0000-0000-0000-000000000060;Ich handle überlegt;1.0;2024-01-02
00000000-0000-0000-0000-000000000220;00000000-0000-0000-0000-000000000060;Ich wechsle das Thema;0.33;2024-01-02
00000000-0000-0000-0000-000000000221;00000000-0000-0000-0000-000000000060;Ich frage nach;0.83;2024-01-02
00000000-0000-0000-0000-000000000222;00000000-0000-0000-0000-000000000060;Ich beende das Gespräch;0.16;2024-01-02
00000000-0000-0000-0000-000000000223;00000000-0000-0000-0000-000000000060;Ich reagiere emotional;0.5;2024-01-02
00000000-0000-0000-0000-000000000224;00000000-0000-0000-0000-000000000062;Ich nehme es zur Kenntnis;0.66;2024-01-02
00000000-0000-0000-0000-000000000225;00000000-0000-0000-0000-000000000062;Ich reflektiere und handle danach;1.0;2024-01-02
00000000-0000-0000-0000-000000000226;00000000-0000-0000-0000-000000000062;Ich reagiere abwehrend;0.0;2024-01-02
00000000-0000-0000-0000-000000000227;00000000-0000-0000-0000-000000000062;Ich ignoriere es meistens;0.33;2024-01-02
00000000-0000-0000-0000-000000000228;00000000-0000-0000-0000-000000000063;Ich wechsle das Thema;0.33;2024-01-02
00000000-0000-0000-0000-000000000229;00000000-0000-0000-0000-000000000063;Ich antworte mit Bedacht;0.66;2024-01-02
00000000-0000-0000-0000-000000000230;00000000-0000-0000-0000-000000000063;Ich frage nach;0.83;2024-01-02
00000000-0000-0000-0000-000000000231;00000000-0000-0000-0000-000000000063;Ich reagiere emotional;0.5;2024-01-02
00000000-0000-0000-0000-000000000232;00000000-0000-0000-0000-000000000063;Ich beende das Gespräch;0.16;2024-01-02
00000000-0000-0000-0000-000000000233;00000000-0000-0000-0000-000000000063;Ich ignoriere die Situation;0.0;2024-01-02
00000000-0000-0000-0000-000000000234;00000000-0000-0000-0000-000000000063;Ich handle überlegt;1.0;2024-01-02
00000000-0000-0000-0000-000000000235;00000000-0000-0000-0000-000000000065;Ich reagiere abwehrend;0.0;2024-01-02
00000000-0000-0000-0000-000000000236;00000000-0000-0000-0000-000000000065;Ich ignoriere es meistens;0.33;2024-01-02
00000000-0000-0000-0000-000000000237;00000000-0000-0000-0000-000000000065;Ich reflektiere und handle danach;1.0;2024-01-02
00000000-0000-0000-0000-000000000238;00000000-0000-0000-0000-000000000065;Ich nehme es zur Kenntnis;0.66;2024-01-02
00000000-0000-0000-0000-000000000239;00000000-0000-0000-0000-000000000066;Ich ignoriere die Situation;0.0;2024-01-02
00000000-0000-0000-0000-000000000240;00000000-0000-0000-0000-000000000066;Ich wechsle das Thema;0.33;2024-01-02
00000000-0000-0000-0000-000000000241;00000000-0000-0000-0000-000000000066;Ich reagiere emotional;0.5;2024-01-02
00000000-0000-0000-0000-000000000242;00000000-0000-0000-0000-000000000066;Ich antworte mit Bedacht;0.66;2024-01-02
00000000-0000-0000-0000-000000000243;00000000-0000-0000-0000-000000000066;Ich beende das Gespräch;0.16;2024-01-02
00000000-0000-0000-0000-000000000244;00000000-0000-0000-0000-000000000066;Ich frage nach;0.83;2024-01-02
00000000-0000-0000-0000-000000000245;00000000-0000-0000-0000-000000000066;Ich handle überlegt;1.0;2024-01-02
00000000-0000-0000-0000-000000000246;00000000-0000-0000-0000-000000000068;Ich reagiere abwehrend;0.0;2024-01-02
00000000-0000-0000-0000-000000000247;00000000-0000-0000-0000-000000000068;Ich ignoriere es meistens;0.33;2024-01-02
00000000-0000-0000-0000-000000000248;00000000-0000-0000-0000-000000000068;Ich nehme es zur Kenntnis;0.66;2024-01-02
00000000-0000-0000-0000-000000000249;00000000-0000-0000-0000-000000000068;Ich reflektiere und handle danach;1.0;2024-01-02
00000000-0000-0000-0000-000000000250;00000000-0000-0000-0000-000000000069;Ich wechsle das Thema;0.33;2024-01-02
00000000-0000-0000-0000-000000000251;00000000-0000-0000-0000-000000000069;Ich ignoriere die Situation;0.0;2024-01-02
00000000-0000-0000-0000-000000000252;00000000-0000-0000-0000-000000000069;Ich beende das Gespräch;0.16;2024-01-02
00000000-0000-0000-0000-000000000253;00000000-0000-0000-0000-000000000069;Ich reagiere emotional;0.5;2024-01-02
00000000-0000-0000-0000-000000000254;00000000-0000-0000-0000-000000000069;Ich frage nach;0.83;2024-01-02
00000000-0000-0000-0000-000000000255;00000000-0000-0000-0000-000000000069;Ich antworte mit Bedacht;0.66;2024-01-02
00000000-0000-0000-0000-000000000256;00000000-0000-0000-0000-000000000069;Ich handle überlegt;1.0;2024-01-02
00000000-0000-0000-0000-000000000257;00000000-0000-0000-0000-000000000072;Ich ignoriere es meistens;0.33;2024-01-02
00000000-0000-0000-0000-000000000258;00000000-0000-0000-0000-000000000072;Ich reagiere abwehrend;0.0;2024-01-02
00000000-0000-0000-0000-000000000259;00000000-0000-0000-0000-000000000072;Ich reflektiere und handle danach;1.0;2024-01-02
00000000-0000-0000-0000-000000000260;00000000-0000-0000-0000-000000000072;Ich nehme es zur Kenntnis;0.66;2024-01-02
00000000-0000-0000-0000-000000000261;00000000-0000-0000-0000-000000000073;Ich handle überlegt;1.0;2024-01-02
00000000-0000-0000-0000-000000000262;00000000-0000-0000-0000-000000000073;Ich reagiere emotional;0.5;2024-01-02
00000000-0000-0000-0000-000000000263;00000000-0000-0000-0000-000000000073;Ich frage nach;0.83;2024-01-02
00000000-0000-0000-0000-000000000264;00000000-0000-0000-0000-000000000073;Ich beende das Gespräch;0.16;2024-01-02
00000000-0000-0000-0000-000000000265;00000000-0000-0000-0000-000000000073;Ich wechsle das Thema;0.33;2024-01-02
00000000-0000-0000-0000-000000000266;00000000-0000-0000-0000-000000000073;Ich ignoriere die Situation;0.0;2024-01-02
00000000-0000-0000-0000-000000000267;00000000-0000-0000-0000-000000000075;Ich reflektiere und handle danach;1.0;2024-01-02
00000000-0000-0000-0000-000000000268;00000000-0000-0000-0000-000000000075;Ich ignoriere es meistens;0.33;2024-01-02
00000000-0000-0000-0000-000000000269;00000000-0000-0000-0000-000000000075;Ich reagiere abwehrend;0.0;2024-01-02
00000000-0000-0000-0000-000000000270;00000000-0000-0000-0000-000000000075;Ich nehme es zur Kenntnis;0.66;2024-01-02
00000000-0000-0000-0000-000000000271;00000000-0000-0000-0000-000000000076;Ich ignoriere die Situation;0.0;2024-01-02
00000000-0000-0000-0000-000000000272;00000000-0000-0000-0000-000000000076;Ich reagiere emotional;0.5;2024-01-02
00000000-0000-0000-0000-000000000273;00000000-0000-0000-0000-000000000076;Ich frage nach;0.83;2024-01-02
00000000-0000-0000-0000-000000000274;00000000-0000-0000-0000-000000000076;Ich wechsle das Thema;0.33;2024-01-02
00000000-0000-0000-0000-000000000275;00000000-0000-0000-0000-000000000076;Ich antworte mit Bedacht;0.66;2024-01-02
00000000-0000-0000-0000-000000000276;00000000-0000-0000-0000-000000000076;Ich beende das Gespräch;0.16;2024-01-02
00000000-0000-0000-0000-000000000277;00000000-0000-0000-0000-000000000076;Ich handle überlegt;1.0;2024-01-02
00000000-0000-0000-0000-000000000278;00000000-0000-0000-0000-000000000078;Ich ignoriere es meistens;0.33;2024-01-02
00000000-0000-0000-0000-000000000279;00000000-0000-0000-0000-000000000078;Ich reagiere abwehrend;0.0;2024-01-02
00000000-0000-0000-0000-000000000280;00000000-0000-0000-0000-000000000078;Ich nehme es zur Kenntnis;0.66;2024-01-02
00000000-0000-0000-0000-000000000281;00000000-0000-0000-0000-000000000078;Ich reflektiere und handle danach;1.0;2024-01-02
00000000-0000-0000-0000-000000000282;00000000-0000-0000-0000-000000000079;Ich beende das Gespräch;0.16;2024-01-02
00000000-0000-0000-0000-000000000283;00000000-0000-0000-0000-000000000079;Ich antworte mit Bedacht;0.66;2024-01-02
00000000-0000-0000-0000-000000000284;00000000-0000-0000-0000-000000000079;Ich handle überlegt;1.0;2024-01-02
00000000-0000-0000-0000-000000000285;00000000-0000-0000-0000-000000000079;Ich ignoriere die Situation;0.0;2024-01-02
00000000-0000-0000-0000-000000000286;00000000-0000-0000-0000-000000000079;Ich reagiere emotional;0.5;2024-01-02
00000000-0000-0000-0000-000000000287;00000000-0000-0000-0000-000000000079;Ich wechsle das Thema;0.33;2024-01-02
00000000-0000-0000-0000-000000000288;00000000-0000-0000-0000-000000000082;Ich reagiere abwehrend;0.0;2024-01-02
00000000-0000-0000-0000-000000000289;00000000-0000-0000-0000-000000000082;Ich reflektiere und handle danach;1.0;2024-01-02
00000000-0000-0000-0000-000000000290;00000000-0000-0000-0000-000000000082;Ich nehme es zur Kenntnis;0.66;2024-01-02
00000000-0000-0000-0000-000000000291;00000000-0000-0000-0000-000000000082;Ich ignoriere es meistens;0.33;2024-01-02
00000000-0000-0000-0000-000000000292;00000000-0000-0000-0000-000000000083;Ich beende das Gespräch;0.16;2024-01-02
00000000-0000-0000-0000-000000000293;00000000-0000-0000-0000-000000000083;Ich frage nach;0.83;2024-01-02
00000000-0000-0000-0000-000000000294;00000000-0000-0000-0000-000000000083;Ich reagiere emotional;0.5;2024-01-02
00000000-0000-0000-0000-000000000295;00000000-0000-0000-0000-000000000083;Ich antworte mit Bedacht;0.66;2024-01-02
00000000-0000-0000-0000-000000000296;00000000-0000-0000-0000-000000000083;Ich ignoriere die Situation;0.0;2024-01-02
00000000-0000-0000-0000-000000000297;00000000-0000-0000-0000-000000000083;Ich handle überlegt;1.0;2024-01-02
00000000-0000-0000-0000-000000000298;00000000-0000-0000-0000-000000000085;Ich reagiere abwehrend;0.0;2024-01-02
00000000-0000-0000-0000-000000000299;00000000-0000-0000-0000-000000000085;Ich reflektiere und handle danach;1.0;2024-01-02
00000000-0000-0000-0000-000000000300;00000000-0000-0000-0000-000000000085;Ich nehme es zur Kenntnis;0.66;2024-01-02
00000000-0000-0000-0000-000000000301;00000000-0000-0000-0000-000000000085;Ich ignoriere es meistens;0.33;2024-01-02
00000000-0000-0000-0000-000000000302;00000000-0000-0000-0000-000000000086;Ich ignoriere die Situation;0.0;2024-01-02
00000000-0000-0000-0000-000000000303;00000000-0000-0000-0000-000000000086;Ich handle überlegt;1.0;2024-01-02
00000000-0000-0000-0000-000000000304;00000000-0000-0000-0000-000000000086;Ich reagiere emotional;0.5;2024-01-02
00000000-0000-0000-0000-000000000305;00000000-0000-0000-0000-000000000086;Ich wechsle das Thema;0.33;2024-01-02
00000000-0000-0000-0000-000000000306;00000000-0000-0000-0000-000000000086;Ich beende das Gespräch;0.16;2024-01-02
00000000-0000-0000-0000-000000000307;00000000-0000-0000-0000-000000000086;Ich antworte mit Bedacht;0.66;2024-01-02
00000000-0000-0000-0000-000000000308;00000000-0000-0000-0000-000000000088;Ich reflektiere und handle danach;1.0;2024-01-02
00000000-0000-0000-0000-000000000309;00000000-0000-0000-0000-000000000088;Ich ignoriere es meistens;0.33;2024-01-02
00000000-0000-0000-0000-000000000310;00000000-0000-0000-0000-000000000088;Ich nehme es zur Kenntnis;0.66;2024-01-02
00000000-0000-0000-0000-000000000311;00000000-0000-0000-0000-000000000088;Ich reagiere abwehrend;0.0;2024-01-02
00000000-0000-0000-0000-000000000312;00000000-0000-0000-0000-000000000089;Ich frage nach;0.83;2024-01-02
00000000-0000-0000-0000-000000000313;00000000-0000-0000-0000-000000000089;Ich antworte mit Bedacht;0.66;2024-01-02
00000000-0000-0000-0000-000000000314;00000000-0000-0000-0000-000000000089;Ich ignoriere die Situation;0.0;2024-01-02
00000000-0000-0000-0000-000000000315;00000000-0000-0000-0000-000000000089;Ich reagiere emotional;0.5;2024-01-02
00000000-0000-0000-0000-000000000316;00000000-0000-0000-0000-000000000089;Ich handle überlegt;1.0;2024-01-02
00000000-0000-0000-0000-000000000317;00000000-0000-0000-0000-000000000089;Ich beende das Gespräch;0.16;2024-01-02
00000000-0000-0000-0000-000000000318;00000000-0000-0000-0000-000000000092;Ich reflektiere und handle danach;1.0;2024-01-02
00000000-0000-0000-0000-000000000319;00000000-0000-0000-0000-000000000092;Ich ignoriere es meistens;0.33;2024-01-02
00000000-0000-0000-0000-000000000320;00000000-0000-0000-0000-000000000092;Ich reagiere abwehrend;0.0;2024-01-02
00000000-0000-0000-0000-000000000321;00000000-0000-0000-0000-000000000092;Ich nehme es zur Kenntnis;0.66;2024-01-02
00000000-0000-0000-0000-000000000322;00000000-0000-0000-0000-000000000093;Ich handle überlegt;1.0;2024-01-02
00000000-0000-0000-0000-000000000323;00000000-0000-0000-0000-000000000093;Ich wechsle das Thema;0.33;2024-01-02
00000000-0000-0000-0000-000000000324;00000000-0000-0000-0000-000000000093;Ich beende das Gespräch;0.16;2024-01-02
00000000-0000-0000-0000-000000000325;00000000-0000-0000-0000-000000000093;Ich frage nach;0.83;2024-01-02
00000000-0000-0000-0000-000000000326;00000000-0000-0000-0000-000000000093;Ich reagiere emotional;0.5;2024-01-02
00000000-0000-0000-0000-000000000327;00000000-0000-0000-0000-000000000093;Ich ignoriere die Situation;0.0;2024-01-02
00000000-0000-0000-0000-000000000328;00000000-0000-0000-0000-000000000095;Ich ignoriere es meistens;0.33;2024-01-02
00000000-0000-0000-0000-000000000329;00000000-0000-0000-0000-000000000095;Ich reflektiere und handle danach;1.0;2024-01-02
00000000-0000-0000-0000-000000000330;00000000-0000-0000-0000-000000000095;Ich nehme es zur Kenntnis;0.66;2024-01-02
00000000-0000-0000-0000-000000000331;00000000-0000-0000-0000-000000000095;Ich reagiere abwehrend;0.0;2024-01-02
00000000-0000-0000-0000-000000000332;00000000-0000-0000-0000-000000000096;Ich handle überlegt;1.0;2024-01-02
00000000-0000-0000-0000-000000000333;00000000-0000-0000-0000-000000000096;Ich frage nach;0.83;2024-01-02
00000000-0000-0000-0000-000000000334;00000000-0000-0000-0000-000000000096;Ich wechsle das Thema;0.33;2024-01-02
00000000-0000-0000-0000-000000000335;00000000-0000-0000-0000-000000000096;Ich antworte mit Bedacht;0.66;2024-01-02
00000000-0000-0000-0000-000000000336;00000000-0000-0000-0000-000000000096;Ich beende das Gespräch;0.16;2024-01-02
00000000-0000-0000-0000-000000000337;00000000-0000-0000-0000-000000000096;Ich reagiere emotional;0.5;2024-01-02
00000000-0000-0000-0000-000000000338;00000000-0000-0000-0000-000000000096;Ich ignoriere die Situation;0.0;2024-01-02
00000000-0000-0000-0000-000000000339;00000000-0000-0000-0000-000000000098;Ich ignoriere es meistens;0.33;2024-01-02
00000000-0000-0000-0000-000000000340;00000000-0000-0000-0000-000000000098;Ich nehme es zur Kenntnis;0.66;2024-01-02
00000000-0000-0000-0000-000000000341;00000000-0000-0000-0000-000000000098;Ich reflektiere und handle danach;1.0;2024-01-02
00000000-0000-0000-0000-000000000342;00000000-0000-0000-0000-000000000098;Ich reagiere abwehrend;0.0;2024-01-02
00000000-0000-0000-0000-000000000343;00000000-0000-0000-0000-000000000099;Ich ignoriere die Situation;0.0;2024-01-02
00000000-0000-0000-0000-000000000344;00000000-0000-0000-0000-000000000099;Ich beende das Gespräch;0.16;2024-01-02
00000000-0000-0000-0000-000000000345;00000000-0000-0000-0000-000000000099;Ich reagiere emotional;0.5;2024-01-02
00000000-0000-0000-0000-000000000346;00000000-0000-0000-0000-000000000099;Ich antworte mit Bedacht;0.66;2024-01-02
00000000-0000-0000-0000-000000000347;00000000-0000-0000-0000-000000000099;Ich wechsle das Thema;0.33;2024-01-02
00000000-0000-0000-0000-000000000348;00000000-0000-0000-0000-000000000099;Ich frage nach;0.83;2024-01-02
00000000-0000-0000-0000-000000000349;00000000-0000-0000-0000-000000000102;Ich reagiere abwehrend;0.0;2024-01-02
00000000-0000-0000-0000-000000000350;00000000-0000-0000-0000-000000000102;Ich reflektiere und handle danach;1.0;2024-01-02
00000000-0000-0000-0000-000000000351;00000000-0000-0000-0000-000000000102;Ich ignoriere es meistens;0.33;2024-01-02
00000000-0000-0000-0000-000000000352;00000000-0000-0000-0000-000000000102;Ich nehme es zur Kenntnis;0.66;2024-01-02
00000000-0000-0000-0000-000000000353;00000000-0000-0000-0000-000000000103;Ich beende das Gespräch;0.16;2024-01-02
00000000-0000-0000-0000-000000000354;00000000-0000-0000-0000-000000000103;Ich wechsle das Thema;0.33;2024-01-02
00000000-0000-0000-0000-000000000355;00000000-0000-0000-0000-000000000103;Ich handle überlegt;1.0;2024-01-02
00000000-0000-0000-0000-000000000356;00000000-0000-0000-0000-000000000103;Ich frage nach;0.83;2024-01-02
00000000-0000-0000-0000-000000000357;00000000-0000-0000-0000-000000000103;Ich reagiere emotional;0.5;2024-01-02
00000000-0000-0000-0000-000000000358;00000000-0000-0000-0000-000000000103;Ich ignoriere die Situation;0.0;2024-01-02
00000000-0000-0000-0000-000000000359;00000000-0000-0000-0000-000000000103;Ich antworte mit Bedacht;0.66;2024-01-02
00000000-0000-0000-0000-000000000360;00000000-0000-0000-0000-000000000105;Ich nehme es zur Kenntnis;0.66;2024-01-02
00000000-0000-0000-0000-000000000361;00000000-0000-0000-0000-000000000105;Ich reagiere abwehrend;0.0;2024-01-02
00000000-0000-0000-0000-000000000362;00000000-0000-0000-0000-000000000105;Ich ignoriere es meistens;0.33;2024-01-02
00000000-0000-0000-0000-000000000363;00000000-0000-0000-0000-000000000105;Ich reflektiere und handle danach;1.0;2024-01-02
00000000-0000-0000-0000-000000000364;00000000-0000-0000-0000-000000000106;Ich antworte mit Bedacht;0.66;2024-01-02
00000000-0000-0000-0000-000000000365;00000000-0000-0000-0000-000000000106;Ich ignoriere die Situation;0.0;2024-01-02
00000000-0000-0000-0000-000000000366;00000000-0000-0000-0000-000000000106;Ich beende das Gespräch;0.16;2024-01-02
00000000-0000-0000-0000-000000000367;00000000-0000-0000-0000-000000000106;Ich reagiere emotional;0.5;2024-01-02
00000000-0000-0000-0000-000000000368;00000000-0000-0000-0000-000000000106;Ich frage nach;0.83;2024-01-02
00000000-0000-0000-0000-000000000369;00000000-0000-0000-0000-000000000106;Ich wechsle das Thema;0.33;2024-01-02
00000000-0000-0000-0000-000000000370;00000000-0000-0000-0000-000000000108;Ich nehme es zur Kenntnis;0.66;2024-01-02
00000000-0000-0000-0000-000000000371;00000000-0000-0000-0000-000000000108;Ich reagiere abwehrend;0.0;2024-01-02
00000000-0000-0000-0000-000000000372;00000000-0000-0000-0000-000000000108;Ich ignoriere es meistens;0.33;2024-01-02
00000000-0000-0000-0000-000000000373;00000000-0000-0000-0000-000000000108;Ich reflektiere und handle danach;1.0;2024-01-02
00000000-0000-0000-0000-000000000374;00000000-0000-0000-0000-000000000109;Ich handle überlegt;1.0;2024-01-02
00000000-0000-0000-0000-000000000375;00000000-0000-0000-0000-000000000109;Ich beende das Gespräch;0.16;2024-01-02
00000000-0000-0000-0000-000000000376;00000000-0000-0000-0000-000000000109;Ich frage nach;0.83;2024-01-02
00000000-0000-0000-0000-000000000377;00000000-0000-0000-0000-000000000109;Ich wechsle das Thema;0.33;2024-01-02
00000000-0000-0000-0000-000000000378;00000000-0000-0000-0000-000000000109;Ich reagiere emotional;0.5;2024-01-02
00000000-0000-0000-0000-000000000379;00000000-0000-0000-0000-000000000109;Ich ignoriere die Situation;0.0;2024-01-02
00000000-0000-0000-0000-000000000380;00000000-0000-0000-0000-000000000122;Ich wechsle das Thema;0.33;2024-01-02
00000000-0000-0000-0000-000000000381;00000000-0000-0000-0000-000000000122;Ich ignoriere die Situation;0.0;2024-01-02
00000000-0000-0000-0000-000000000382;00000000-0000-0000-0000-000000000122;Ich frage nach;0.83;2024-01-02
00000000-0000-0000-0000-000000000383;00000000-0000-0000-0000-000000000122;Ich antworte mit Bedacht;0.66;2024-01-02
00000000-0000-0000-0000-000000000384;00000000-0000-0000-0000-000000000122;Ich beende das Gespräch;0.16;2024-01-02
00000000-0000-0000-0000-000000000385;00000000-0000-0000-0000-000000000122;Ich reagiere emotional;0.5;2024-01-02
00000000-0000-0000-0000-000000000386;00000000-0000-0000-0000-000000000123;Ich nehme es zur Kenntnis;0.66;2024-01-02
00000000-0000-0000-0000-000000000387;00000000-0000-0000-0000-000000000123;Ich reagiere abwehrend;0.0;2024-01-02
00000000-0000-0000-0000-000000000388;00000000-0000-0000-0000-000000000123;Ich reflektiere und handle danach;1.0;2024-01-02
00000000-0000-0000-0000-000000000389;00000000-0000-0000-0000-000000000123;Ich ignoriere es meistens;0.33;2024-01-02
00000000-0000-0000-0000-000000000390;00000000-0000-0000-0000-000000000125;Ich ignoriere es meistens;0.33;2024-01-02
00000000-0000-0000-0000-000000000391;00000000-0000-0000-0000-000000000125;Ich nehme es zur Kenntnis;0.66;2024-01-02
00000000-0000-0000-0000-000000000392;00000000-0000-0000-0000-000000000125;Ich reflektiere und handle danach;1.0;2024-01-02
00000000-0000-0000-0000-000000000393;00000000-0000-0000-0000-000000000125;Ich reagiere abwehrend;0.0;2024-01-02
00000000-0000-0000-0000-000000000394;00000000-0000-0000-0000-000000000126;Ich ignoriere die Situation;0.0;2024-01-02
00000000-0000-0000-0000-000000000395;00000000-0000-0000-0000-000000000126;Ich antworte mit Bedacht;0.66;2024-01-02
00000000-0000-0000-0000-000000000396;00000000-0000-0000-0000-000000000126;Ich beende das Gespräch;0.16;2024-01-02
00000000-0000-0000-0000-000000000397;00000000-0000-0000-0000-000000000126;Ich wechsle das Thema;0.33;2024-01-02
00000000-0000-0000-0000-000000000398;00000000-0000-0000-0000-000000000126;Ich handle überlegt;1.0;2024-01-02
00000000-0000-0000-0000-000000000399;00000000-0000-0000-0000-000000000126;Ich reagiere emotional;0.5;2024-01-02
00000000-0000-0000-0000-000000000400;00000000-0000-0000-0000-000000000126;Ich frage nach;0.83;2024-01-02
00000000-0000-0000-0000-000000000401;00000000-0000-0000-0000-000000000129;Ich ignoriere es meistens;0.33;2024-01-02
00000000-0000-0000-0000-000000000402;00000000-0000-0000-0000-000000000129;Ich reflektiere und handle danach;1.0;2024-01-02
00000000-0000-0000-0000-000000000403;00000000-0000-0000-0000-000000000129;Ich nehme es zur Kenntnis;0.66;2024-01-02
00000000-0000-0000-0000-000000000404;00000000-0000-0000-0000-000000000129;Ich reagiere abwehrend;0.0;2024-01-02